{"cameraMode":{"drawMode":0,"name":"Shaded","section":"Shading Mode"},"sceneLighting":false,"audioPlay":false,"sceneViewState":{"showFog":true,"showMaterialUpdate":false,"showSkybox":true,"showFlares":true,"showImageEffects":true,"showParticleSystems":true},"in2DMode":false,"pivot":{"x":28.098731994628908,"y":58.649173736572269,"z":-25.85479736328125},"rotation":{"x":0.007923305034637452,"y":-0.9592734575271606,"z":-0.027041807770729066,"w":-0.2810702323913574},"size":126.41072845458985,"orthographic":false}